  COMPANY NAME, MOBILE,MAIL,WEBSITE,ADRESS,,
Tele Musketeers,1707082423,operations@telemusketeers.com,www.telemusketeers.com,"476/C, Zahir Mansion, Malibag DIT Road, Dhaka, 1219",,
Teleconsult Group,1683786330,info@tcg.com.bd,www.tcg.com.bd,"House# 1, Road# 15 (New), 28 (Old), Dhanmondi, Dhaka-1209",,
Telehawks Solutions,8.80192E+12,telehawks.solutions@gmail.com,www.telehawks.com,"202/C Hazi Solim Uddin Lane, Badda, Dhaka-1212",,
Teleserv,880 1791 680 236,hello@teleservbpo.com,http://www.teleservbpo.com/,"Suite-B4, Plot-15, Main Road-03, Block-A, Mirpur-11, Dhaka-1216, Bangladesh",,
Test Company,8.80131E+12,test@mail.com, ,Address of Test Company 33,,
Thane Systems,+8802 8838001-4,info@btraccl.com,www.btraccl.com,"Plot# 68 (3rd Floor), Road# 11, Block# H, Bir Uttam Khademul Bashar Road, Banani, Dhaka-1213",,
The Address of Accountants (AOA),88-02-55130556-57,mmc@bol-online.com, ,"Rupayan Karim Tower, Level-09, Suit-B, 80, VIP Road, Kakrail, Dhaka-1000",,
The Everest IT,1776057078,theeverestit@gmail.com,https://theeverestitbd.com/,"888/1, hazi ashraf ali market, East shewrapara, kafrul, dhaka",,
THE KOW COMPANY LIMITED,1755601370,ak@thekowcompany.com,www.thekowcompany.com,"Navana DH Tower (2nd Floor) Plot-6 Panthapath Tejgaon, Dhaka 1215",,
THE SOFTKING LIMITED,1716441700,rifat@thesoftking.com,www.thesoftking.com,"House: 60, Road: 20, Sector: 11, Uttara, Dhaka 1230",,
TICON SYSTEM LIMITED,1777174791,info@ticonsys.com,www.ticonsys.com,"LEVEL# 06, HOUSE OF VERITAS, 8 GAREEB-E-NEWAZ AVENUE, SECTOR# 13, UTTARA, DHAKA- 1230",,
Times ASL Call Center Limited,222223512-13,info@timesasl.com,www.timesasl.com,"City Heart 4th floor, 67 NayaPaltan, Dhaka",,
TRAVOJET,9.63944E+20,admin@travojet.com,www.travojet.com,"Section # 12, Block # D, Road # 06, Plot # I/15-18, Pallabi, Mirpur",,
Trust Global Communications,8.80171E+12,trustglobalcommunications@gmail.com,www.trustglobalcommunications.com,"Chattogram Software Technology Park, Level # 10, Agrabad, Chattogram",,
TRY Solutions,8.80171E+12,support@trysolutions.us,trysolutions.us,"House - 29, Suite: 6, Road - 13, Sector - 14, Uttara",,
UKBS BD LIMITED,1864589945,ukbs2017@gmail.com, ,"House-2, Road No- 35, Block- D, Shahajalal Upashahar, Sylhet",,
Unified Information Technology Limited,1711958087,info@unified.xyz,www.unifiedit.xyz,"PBL Tower ( 12th Floor), 17 Gulshan North C/A, Dhaka, 1212, Bangladesh",,
Unique Consortium Ltd.,+880258157939 01711871990,uniqueconsortiumbd@gmail.com,http://uniqueconsortium.com,"55/D, 2nd Floor, R-9/A, Dhanmondi, Dhaka-1209",,
United Multimedia Skill Development Technology Ltd.,1829077648,umsdtl2019@gmail.com,www.umsdtl.com,"House # 30,Block # A, Word # 53, Diabari, Turag, Dhaka -1230",,
Universal IT,1711167756,yunushossainbd@gmail.com,www.universalit.net,"K-45/B, Moddhopara, Khilkhet",,
APPAREL SPECIALIST LIMITED,1746776301,hr@apparelspecialist.com,https://apparelspecialist.com,"House: 14, Block: D, Ceramic Road, Mirpur-12, Dhaka: 1207",,
Apparels Institute of Fashion & Technology -AIFT,,aiftinfo@gmail.com,www.aift.edu.bd,"Hossain Tower 4th floor, Plot #103,Uttara,Dhaka-1230",,
AREA71 VENTURE LIMITED,8598685,admin@area71bd.com,https://area71bd.com/,"House-01( Floor 06 & 07), Road-13, Sector-10, Uttara, Dhaka-1230",,
Arena Phone BD Ltd.,"01844054109, 029861858",bizdev@arena.com.bd,www.arena.com.bd,"Rupayan Center (6th Floor), 72 Mohakhali C/A, Dhaka - 1212",,
Arena Web Technology,8.80131E+12,info@arenawebsecurity.net,www.arenawebsecurity.net,"House: 1, Block: B, Main Road, Banasree, Rampura, Dhaka - 1219",,
ARITS LIMITED,N/A,ali.azam86@gmail.com,www.aritsltd.com,"House-375, Ground Floor, Road No-6/W, Baridhara DOHS , Dhaka",,
ARN Tech,8.80171E+12,info@arntechbd.com,www.arntechbd.com,"12th Floor Venus Complex, Kha-199/2-199/4 Bir Uttam Rafiqul Islam Ave Dhaka-1212",,
Asia Innovation Technology,1726858066,miitbddhaka@gmail.com,https://tricksvibe.com/ait/,"27 Haji Komor Uddin Tower, Ashkona-airport, Dhaka- 1230",,
ASK Telecom Ltd.,88029140292,saymashawkat@gmail.com,N/A,"Holding 8/6/1, Road 01, Shamoly, Sher-e-Bangla Nagar, Dhaka",,
ASL SYSTEMS LIMITED,8.80255E+11,rakib@asl.aero,www.asl.aero,"House 1 & 3 , Level 03, Road- 21/C, Nikunja 02, Khilkhet, Dhaka-1229, Bangladesh",,
Atova Technology,+88 01713615831,support@atovatech.com,www.atovatech.com,"Plot-Ga, Block-D, Satmasjid Super Market (3rd Floor), Mohammadpur Bus Stand, Mohammadpur, Dhaka",,
ATPL Dhaka,8.80171E+12,atpldhaka@gmail.com,N/A,"Uttara Tower, Level 5, 1 Jashimuddin Avenue, Sector 3, Uttara, Dhaka-1230.",,
Augmedix BD Ltd.,1730496861,rashednoman@augmedix.com,www.augmedix.com,"Suite 203, SS Steel Building, 17/C Panthapath, Dhaka",,
Automation Services Limited,8.80179E+12,info@automationservicesbd.com,www.automationservicesbd.com,"Operational Address: Casabella, House No -17, Road No- 128, Gulshan-1, Dhaka-1212 Permanent Address: Kha 116/1, South Badda, Dhaka 1212, Bangladesh",,
AWC Business Solutions Ltd.,0222-3355293,wahab_co@agni.com, ,"Hotel- Purbani, Annex-2 (4th floor), 1 Dilkusha C/A, Motijheel, Dhaka-1000",,
Ayesha Services (ASL BPO),1670210764,john@aslpreservationsolutions.com,https://www.aslpreservationsolutions.com/,"House 6, Road 3/F Sector 9, Uttara Dhaka, 5th Floor, Dhaka, Dhaka, 1230",,
Babylon Resources Ltd,9609003300,liakathossain@babylon-bd.com,www.brlbd.com,"2-b/1,Darusalam Road, Mirpur-1, Dhaka-1216",,
BacBon Limited,88028396601,info@bacbonltd.com,www.bacbonltd.com,"H# 13, (5thFloor), Block-c, Main Road, Banasree, Dhaka-1229.",,
Bangladesh Computer Institute,1708525994,tarikbci@gmail.com,www.bciit.net,"1/2 Asad Avenue, Asadgate Dhaka 1207",,
Bangladesh IT Institute,"+88 02 58052503-4, +88 01713044369","info@bditinstitute.com, ceo.biti@gmail.com",www.bditinstitute.com,"Opolok, 2nd & 3rd Floor, 225 Senpara Parbota, Mirpur 10, Dhaka 1216.",,
BASHUNDHARA TRAINING & TESTING CENTER (BTTC),"+8809617999777, +8801762696042",bttc1064@gmail.com info@bashundhara-ttc.com,bashundhara-ttc.com,"123, Shekher Jayga, Khilgaon, Dhaka-1219",,
BDTASK Limited,258970255,bdtask@gmail.com,www.bdtask.com,"B-25, Mannan Plaza, 4th floor, Khilkhet, Dhaka 1229",,
Bizcope Digital Ltd.,8.80132E+12,hello@bizcope.com,bizcope.com,"89/7, RK Mission Road (Nadian Tower) Gopibag Bishwa Road, Dhaka-1203.",,
Blue Moon IT Training Institute,1916741835,colali2396@gmail.com, ,"ECB, Kalshi Road, Mirpur , Dhaka",,
Blue Pill Limited,8000555777,info@bluepill.com.bd,www.bluepill.com.bd,"Akij House, 198 Bir Uttam, Mir Shawkat Sarak, Gulshan Link Road, Tejgaon, Dhaka-1208",,
Blue Pineapple Technology Ltd,+880 1713-304945,HRD@BluePineappleTechnology.com,www.bluepineappletechnology.com,"Plot No. GA-25/4, YB Hasan Uddin Tower (5th & 6th floor), Pragati Sarani Road, Shahjadpur, Gulshan, Dhaka-1212, Bangladesh",,
BMIT Solutions Limited,1717014217,info@bmitsolutionsltd.com,www.bmit.com.bd,"House-31, Lake Drive Road, Nikunjo-1, Dhaka-1229",,
BPOSYL Ltd,1764511058,directors@bposyl.com,www.bposyl.com,"Registered Address : IVY Complex, Uddipon-47/2, Mirabazar. Sylhet - 3100 Billing Address - Raj Villa (Level-4), House-1, Road-1, Block-E, Shahjalal Uposohor, Sylhet - 3100",,
BRACNet Limited,02-41080481,regulatory@bracmail.net,bracnet.net,"7th Floor, Navana Yusuf Infinity, 16 Mohakhali C/A, Dhaka- 1212",,
Brain Station 23 LTD,8.8014E+12,info@brainstation-23.com,https://brainstation-23.com,"Mohakhali Branch: 8th Floor Bir Uttam AK Khandokar Road, Mohakhali C/A Dhaka 1212. Mirpur Branch: Level - 3, Mirpur DOHS Cultural Centre Road No-09, Mirpur DOHS, Pallabi,Dhaka-1216",,
BRIGHT RIVER BANGLADESH LIMITED,8.80255E+11,riajul@brightriverbd.com,www.brightriver.bd.com,"166-167, SYED NAZRUL ISLAM SARANI, SUITE 301-305, PURANA PALTAN, DHAKA-1000.",,
BRITISH BENGLA TRAVEL,1816103732,noim@britishbanglatravel.com,http://www.britishbanglatravel.com/,"Ataturk Tower, 22 Kemal Ataturk Avenue, Banani, Dhaka-1213",,
BROTECS TECHNOLOGIES LIMITED,"+88 02 8933139/42, +88 02 4109 0191/2",info@brotecs.com,www.brotecs.com,"20, Shahjalal Avenue, Level-8 & 10, Sector: 4, Uttara, Dhaka-1230",,
Business Automation Ltd.,02-55012128,sohana@batworld.com,www.batworld.com,"BDBL Bhaban, Level-9, 12 Kawran Bazar, Dhaka-1215",,
BYSL Global Technologies Limited,8.80967E+12,info@byslglobal.com,www.byslglobal.com,"Level 3, Akram Center, 212 S.S Nazrul Islam Sharani, Purana Paltan, Dhaka 1000",,
CALL CONNECTION,1772058703,callconnection.bd@gmail.com,N/A,"Ta-39/01 Badda Link Road, Middle Badda, Dhaka-1212",,
Call Point Business Solutions,1856666795,operations@callpointbusinesssolution.com,www.callpointbusinesssolutions.com,"6/B, 3/1, Mipur, Dhaka-1216",,
CAREERSHUB BANGLADESH LIMITED,1674942307,info@careershubbd.com,www.careershubbd.com,House No. 85,,
CBSG Informatix,8.80258E+11,info@cbsg-informatix.com,cbsg-informatix.com,"4/2 Block B (4th Floor), Lalmatia, Dhaka 1207",,
CDS System & Solution Limited,8.80168E+12,cdsssl2017@gmail.com,www.cdsssl.com,"Register Address: Kha-50, Khilkhet, Dhaka-1229. Corporate Address: House-21, Road-13, Sec-01, Uttara, Dhaka-1230.",,
Cefalo Bangladesh Ltd.,170233256,contact@cefalo.com, ,"House: 12, Road: 12, Dhanmondi , Dhaka: 1209",,
Chakladar Corp,1711506876,emanur2000@yahoo.com,www.jessoresheba.com,"260 Monowara Villa, Shahid Moshiur Rahman Road, Kololi, Jessore",,
Chaldal Limited,1999200200,legal@chaldal.com,www.chaldal.com,"Plot# 14, Sector# 12, Road# 6/C, Uttara Model town, Dhaka: 1230",,
Chowgacha Model Computer Institute & Technology(CMIT),1799428594,monir2u@yahoo.com,cmitgroup.org,"North side of Isapur Bottola, Kotchadpur road,Chowgacha,Jashore",,
CI- TECH,1819331933,info@chowdhuryinfotech.com,www.thebandf.com,"Plot- 553, 8th Floor, AS Tower, Road- 01, Panchlaish, Chattogram",,
Clarex Limited,8.80961E+12,info@clarex.co,www.clarex.co,"House-336, Lane-5, Baridhara, DOHS, Dhaka",,
CMED Health Ltd.,1742925686,info@cmedhealth.com,www.cmed.com.bd,"Apt- 04, House No-460, Road No-31, Mohakhali DOHS, Dhaka-1206.",,
Comet IT and Communication,1714065644,info.cometit@gmail.com,www.cometitltd.com,"EDB Trade Centre, 14th Floor, 93, KaziNazrul Islam Avenue, Kawran Bazar, Dhaka-1215",,
Computer World Ltd,1300234756,mahbub1408@gmail.com,www.cwbd.com.bd,"Call Center- 32, Topkhana Road, Chattagram Bhaban, (3rd floor , Purana Palton, Dhaka-1000 (IT Bangla) Head Office- 24/D, Topkhana road, Aysha Bhaban (2nd Floor), Segunbagicha, Dhaka-1000",,
Contain-i Limited,8.80171E+12,info@contain-i.com,www.contain-i.com,House: C-78,,
Corporate Care,+88 01866154654,hello@corporatecareit.com,www.corporatecareit.com,"40/5 Abdul Hadi Lane, (1st Floor), Bangshal, Dhaka-1000.",,
Craftsmen Ltd.,1730358641,info@craftsmenltd.com,www.craftsmanltd.com,"House- 272(1st floor), Lane: 03 (Eastern Road), DOHS Baridhara, Dhaka-1206",,
Creation Media,1845788633,creationmedia66@gmail.com,N/A,"Fayenaz Tower, (11-F), 37/2, Box Culvert Road, Purana Paltan, Dhaka-1000",,
Creative Clipping Path Ltd.,29635152,info@creativeclippingpath.com,http://www.creativeclippingpath.com,"House# 7, Level# 3 & 4, Dhanmondi, Dhaka-1207.",,
Creative IT Institute,+88 02 9611726,info@creativeit.com.bd,www.creativeit-ltd.com,"Momtaz Plaza (4th Floor) House-07, Road-04, Dhanmondi, Dhaka-1205",,
Creative Soft Technology Ltd,1824166811,nahida@creativesofttechnology.com,www.creativesofttechnology.com,"10/3 Free school street Road(Imtiaz Tower, Level-3A) Box Culvart Road, Kathal Bagan,Dhaka-1205",,
CTMRS LIMITED,1709638201,amitesh.roy@ctmrsgroup.com.bd,www.ctmrsgroup-bd.com,"2/5A, 2nd & 4th Floor, Road-5, Block-A, Lalmatia, Dhaka",,
Daisen Technologies Limited,1736518223,info@daisentech.com,www.daisentech.com,"242/T Tejgaon Industrial Area, Dhaka-1208",,
DBL DIGITAL LIMITED,01755-587237,palash.mallik@dbl-digital.com,https://www.dbl-digital.com/,"Capita South Avenue Tower (6th Floor), House # 50, Road # 03, Gulshan Avenue, Gulshan-1, Dhaka, PO : 1212, Bangladesh",,
DE TEMPETE LIMITED,1552425947,info@detempete.com,www.detempete.com,"Ababil Tower, House # 06 (4th Floor), Mohammadia Main Road, Dhaka 1207",,
Devnet Limited,02-8189349-50,info@devnetlimited.com,http://www.devnetlimited.com/,"Level-9 (East) BDBL Bhaban, 12 Kawran Bazar, Dhaka-1215.",,
Devo-Tech Technology Park Ltd,1711500990,info@devo-tech.com,https://devo-tech.com,"Plot-11, Road-113/A, Gulshan-2, Dhaka-1212",,
Dhaka Calls,9117140,info@dhakacalls.com.bd,www.dhakacalls.com.bd,"G#3, House# 55, Road# 9/A, Dhanmondi, Dhaka- 1209.",,
Dhooli,1711612377,lushamirza@gmail.com,www.dhooli.com,"195/2/1, Shantibagh, Dhaka-1217.",,
Dial 2 Support,1677058433,info@dial2support.com,www.dial2support.net,"House -389 ,Road-14, Savar DOHS , Nabinagar ,Ashulia ,Dhaka-1344",,
Diana Host Ltd.,8.80964E+12,khan.swadhin@gmail.com,www.dianahost.com,"Anam Rangs Plaza, Level-06, House- 61, Road-6/A, Dhanmondi, Satmasjid Road, Dhaka, bvangladesh-1209",,
Digicon Technologies Limited,+88 09610 110 110,info@digicontechnologies.com,www.digicontechnologies.com,"Corporate Office: 242/A Tejgaon I/A, Gulshan Link Road, Dhaka-1208. | Operation Center: Sofura Trade City(4th & 5th Floor), 1 Sujat Nagar, Mirpur-12,Pallabi, Dhaka-1216.",,
DigiFea,1966100888,info@digifea.com,www.DigiFea.com,"621/1, 621/2, 622 Begum Rokeya Avenue, West kazipara, Mirpur, Dhaka-1216",,
DIGITAL ENTREPRENEURS HUB,1674942307,info@dgenacademy.com,www.dgenacademy.com,"House No: 85 (Casa Carnival), Road No: 04, Block: B, Banani, Dhaka ?혀 1213, Banani Model Town, Dhaka Division, Bangladesh",,
Digital Hub Bangladesh Ltd.,29119703,info@digitalhubbd.com,digitalhubbd.com,"House: 89/A, Road: 8/A, Dhanmondi, Dhaka-1209",,
Digitouch Technology,8.80177E+12,info@digitouchbd.com,www.digitouchbd.com,"House # 398/A (5th Floor), Road # 29, New DOHS, Mohakhali, Dhaka-1206",,
DigiWorld Limited,1844046600,nazmul@digiworldbd.com, ,"Babylon Garden, Ka/11 Kalachandpur Main Road, Level 8, Baridhara Dhaka 1212",,
DIST Technical Training Center,1772862651,shovont@yahoo.com,www.distttc.com,"Paharpur, Shaheed Minar Mor, Sadar, Dinajpur",,
Dnet,9606003638,info@dnet.org.bd,dnet.org.bd,"4/8 Humayun Road, Block-B, Mohammadpur, Dhaka 1207",,
Doer Services Limited,"+8809606606606, +880257160830",bony.tasnim@doer.com.bd,http://doer.com.bd/,"Dilkusha Center (L-8), 28 Dilkusha, Dhaka-1000 Liaison office: Jibon Bima Tower (Level -13), 10 Dilkusha, Dhaka-1000 Development office: 5/5 Gaznabi Road, Mohammadpur, Dhaka",,
DOPPCALL,8.80197E+12,yasin@doppcall.com,https://doppcall.com/,"16/24, Sontek, Jatrabari, Dhaka 1236",,
DROOTY LTD.,01678-016513,harun@prontobd.com, ,"House # 14, Road # 02, Sector # 03, Uttara, Dhaka-1230",,
e-Connect BD Ltd.,1715010998,econnectbdltd@gmail.com,N/A,"Rupayan Shopping Square, Suit E-12, Plot-C, block-G, Sayem Subhan Anvir Road, Bashundhara, Dhaka.",,
e-Learning & Earning Ltd.,8.80177E+23,info@e-laeltd.com,www.e-laeltd.com,"Khaja IT Park, 2nd to 7th Floor, Kallyanpur Bus Stop, Mirpur Road, Dhaka-1207.",,
E&M Outsourcing,1753860306,info.eandmoutsourcing@gmail.com,www.eandmoutsourcing.com,"House:11/12,Road-7, Block-C, Bauniabadh, Kalshi,Mirpur, Dhaka-1216",,
EARN MONEY BD.COM,9639909090,masud96@gmail.com,www.earnmoneybd.net,"637/6, MONIPUR, MIRPUR, DHAKA-1216, Bangladesh",,
Earth Next Technologies Ltd,8.80184E+12,ceo@earthnexttechnologies.com,earthnexttechnologies.com,"Moon House, House: 19, Road: 13, Sector: 01, Uttara",,
EDU MAKER,1766333986,info@edu-maker.com,https://edu-maker.com,"Level: 04, House: 482, Road: 06, Avenue: 06, Mirpur DOHS, Dhaka- 1216",,
eGeneration Ltd,29843076,info@egeneration.com.bd,www.egeneration.com.bd,"Saimon Center, 5th Floor, House 4/A, Road No 22, Gulshan - 1, Dhaka",,
Emrazina Technologies,1711081498,info@emrazina.com,www.emrazina.com,"Flat-C2, House- 1188, Aveue-11, Mirpur DOHS, Dhaka-1216.",,
Enroute International Limited,"+8809610405060, +88028415310",mail@enroute.com.bd,www.enroute.com.bd,"Ranks Business Center (Level 4), Ka-218/1, Pragati Sarani, Dhaka.",,
ERED TECHNOLOGIES LIMITED,880 29022323,info@eredtechnologies.com,www.eredtechnologies.com,"House # 61/1, 61/2, Road # 4, Section # 12, Pallabi, Dhaka-1212",,
Essential Infotech,8.80168E+12,admin@essential-infotech.com,https://essential-infotech.com,"5 th Floor, H-12, Garib-e Newaj Avenue, Sector-13, Uttara, Dhaka",,
European IT Solutions Bangladesh,8.80172E+12,cd@euitsols.com,www.europeanit-inst.com,"Noor Mansion (3rd Floor),Plot#04, Main Road#01,Mirpur-10, Dhaka-1216",,
Eurosia Limited,8.80171E+12,mohieurosia@gmail.com,https://eurosiatechnologies.com,"Eurosia, 144/5G, Matikata, Dhaka- 1206",,
EV CYBER TEAM LIMITED,9612225538,info@euro-vigil.com.bd, ,"House-04, Road- 02, Block-J, Baridhara, Dhaka-1212",,
Event Box,8.80168E+12,sabrina@eventboxofficials.com,www.eventboxofficials.com,"House-23, Road-06, Block-D, Niketon, Gulshan",,
Exabyte Techno Consultant Ltd.,1717677451,mhshuvo29@gmail.com,exabytetechno.com,"House#845, Flat#D/2, East Shewrapara, Mirpur, Dhaka-1216.",,
Exceed Infotech,8.80171E+12,rakib.ahmed@exceeditbd.net,www.exceeditbd.net,"House 04, Road 27, Sector 07, Uttara, Dhaka-1230",,
EXPROCODER-IT,8.80173E+12,info@exprocoder.com,www.exprocoder.com,"Confidence tower, Bulding -02, Flat-7/E, Shahjadpur, Gulshan. Dhaka",,
Extent IT Institute,02-9119164,extentit.inst@gmail.com,www.extentit-inst.com,"87-92, B-Green Road, Farmview Super Market (5th Floor) Farmgate, tejgaon, Dhaka-1215.",,
EZZY AUTOMATIONS LTD.,-8711873,info@ezzyautomations.com,https://www.ezzyautomations.com/,"214, Road: 13, New DOHS Mohakhali, Dhaka-1206",,
Faithfone Call Center,9678800324,marketingfaith2@gmail.com,www.faithfone.co.uk,"Alibag Tower (2nd Floor),Nayorpul, Sylhet-3100.",,
FARHAN ENTERPRISE,8.80164E+12,ahamjadhossain@gmail.com, ,"Corporate Office: House # 8 A/10, Road # 13 (New) Dhanmondi, Dhaka-1205, Bangladesh",,
FeS Software Ltd.,1708599819,info@fessoftware.com,www.fessoftware.com,"House: 644, Road:9, Avenue: 4, Mirpur DOHS, Dhaka-1216, Bangladesh",,
Field Nation Ltd.,8.80192E+12,info@fieldnation.com,www.fieldnation.com,"House:23, Shah Makdum Avenue, Sector 12, Uttara, Dhaka 1230",,
FIFOTech,-44809929,info@fifo-tech.com,www.fifo-tech.com,"Vision-2021 Tower, Software Technology Park, 9th floor, Kawran Bazar, Dhaka-1215, Bangladesh",,
Finalytics,,aj@jayedcorp.com, ,"7th Floor, Green Orlando, 42/4/KA, Pragti Sarani, Baridhara, Dhaka.",,
Flash Sky Ltd,8.80194E+12,info@flashskyltd.com,www.flashskyltd.com,"31, KR Plaza, Level-9,Purana Paltan,Dhaka-1000",,
Fleet Bangladesh,1963999555,fleetbangladesh@gmail.com, ,"Head Office: H#55 Nowdapara, Airport Road, Rajshahi Corporate Office: House# 15, Road#5, Block F Banani, Dhaka",,
Freelancer Associate of Bangladesh Limited,1838017009,faofbd@gmail.com,http://faofbd.org/,"3/6, North Perarbag, 60ft Main Road, Mirpur, Dhaka-1216.",,
GBL Fintech Limited,8.80176E+12,info@globalpay.com.bd,www.globalpay.com.bd,"139, Sadharon BIMA-2, Level-10, Motijheel, Dhaka-1000",,
Genex Infosys Limited,8832278,pm@genexinfosys.com,www.genexinfosys.com,"Nitol Niloy Tower (Level 8), Nikunja C/A, Airport Road, Dhaka-1229 Operation Address: Mascot Plaza (level 4&5), Uttara, Dhaka",,
Genuity Systems Ltd,+880 961 188 8444,info@genuitysystems.com,www.genuitysystems.com,"Genusys Heights, House 623-624, Kazipara, Mirpur, Dhaka - 1216",,
Getco Bpo services Limited,,info@getco-bsl.net,www.getco-bsl.net,"House: 688, Road: 12, Baitul Aman Housing Society , Adabor, Dhaka: 1202",,
Global Softel Inc,1714042154,info@globalsoftel.com,www.globalsoftel.com,"Registered Address: BSCIC, Electronics Complex, Level-04, 1/1 Industrial Plot, Ave #04, Road #03 Mirpur #7, (Near 11 No, Bus Stand) Dhaka-1216. Operational Office Address: House #881, Road: #12, Ave #2, Mirpur DOHS, Dhaka-1216",,
Global Touch,8.80171E+12,globaltouchltt@gmail.com, ,"House no.10, Rd no,10/A, Sector no.09, Uttara, Dhaka",,
GogoBangla Logistics Limited,8.80162E+12,info@gogobangla.com,www.gogobangla.com,"47, Fakirapool, D IT Extension Road, Motijheel, Dhaka- 1000",,
Golden Harvest Infotech Ltd.,9678690690,infotech@goldenharvestbd.com,www.ghitbd.com,"Shanta Western Tower, Level-5, # 501 & 502 186, Gulshan-Tejgaon Link Road, Tejgaon I/A, Dhaka-1208, Bangladesh.",,
Graphic People Limited,28835608,biz@graphicpeoplestudio.com,www.graphicpeoplestudio.com,"Plot# 76/A, Road# 11, Block # M, Banani, Dhaka-1213",,
Graphics Associates International Limited,8.80961E+12,info@mindworkingasia.dk,www.mindworkingasia.dk,"100 Bir Uttam A.K. Khandakar Road, Mohakhali, Dhaka 1212",,
Graphics IT BD,,info@graphicsitbd.com,www.graphicsitbd.com,"House No 28, 3rd floor, Collage Road, Rangpur",,
Graphics View,8.80259E+12,info@graphicview.com,www.graphicsview.com,"House No: 2238/2 (1st Floor), Dokkin Munshipara, Sadar, Dinajpur-5200",,
Great & Smart Technology Limited,1975309001,gstechbd@gmail.com,https://www.gstech.com.bd,"36, Rokeya Manstion, VIP Road, Purana Paltan Line",,
GrowthMagnet Limited,8.80177E+12,info@growthmagnet.co,www.growth-magnet.com,"Registered Office: House- 04, 3rd Floor, Mohakhali C/A, Dhaka 1212 | Operational Office: House- 05, Ground Floor, Road- 6/A, Sector- 04, Uttara, Dhaka",,
GULF SECURITY SERVICES (PVT.) LTD.,222241423,gsslbd@gmail.com,www.gsslbd.com,"27/1. 4th Floor, INDIRA ROAD, FARMGATE, SHER E BANGLA NAGAR, DHAKA-1215",,
Gurukul institute of IT(GIIT),1716658644,info.gurukulit@gmail.com,www.giit.bd.com,"8/C Dilara Tower, 77 Bir Uttam C.R Dutta Road, hatirpool Dhaka",,
Hamletts Business Solutions Limited,1672988438,naz.rahman@hamletts.com, ,"Orin Tower, House-23, Road-113/A, Gulshan-2, Dhaka",,
Heart Medical Transcription Company,88029135266,hmtc91@gmail.com,www.heartmt.net,"Al-Amin Apon Hights, Suite 405-406, House 2711/B, Level 4, Road 3, Shamoli, Dhaka 1207.",,
HELINIX LIMITED,1886544220,bashar@helinix.org,www.helinix.org,"759, Satmasjid Road, Dhanmondi, Dhaka 1205",,
Hello World Communications Ltd.,031-2856161,mezbah@helloworldbd.com,www.helloworldbd.com,"787, Avenue Center (5th floor), C.D.A Avenue, Nasirabad, Chittagong",,
Hi-Tech Bangla (Bangladesh) Ltd.,8.80179E+12,info@htbbd.com,www.htbbd.com,"28, Kazi Nazrul Islam Avenue NAVANA Zuhura Square, Suite #11A, Dhaka 1000",,
Hi-Tech IT Solutions,1732512789,hitech069@gmail.com, ,"70/G Purana Polton Lane, Dhaka",,
Honest Traders Limited,,jahangir@sookh.com,www.sookh.com,"261/C, Tejgaon industrial area, Dhaka: 1208",,
IceBreakers Limited,8.80199E+12,info@icebreakers.tech, ,,,
Icon information Systems Ltd.,8.80255E+11,md@iconisl.com,www.iconisl.com,"12/D confidence Tower (12th fdloor), Tower 02. Shahjadpur",,
IFAD Information & Technology Limited,02-96327537,info@itracker.com.bd,itracker.com.bd,"Sonartori Tower(13th-18th floor) 12, Biponon C/A Sonargaon Road, Bir Uttam CR Dutta Rd, Dhaka-1000.",,
Ignite Tech Solutions,1833692607,ignitebpo2018@gmail.com,www.ignitebpo.biz,"Plot: 06, Block: A, Section: 06, Mirpur Main Road, Mirpur: 02, Dhaka-1216",,
iHelpBD,167206370,info@ihelpbd.com,www.ihelpbd.com,"House: 01 (Level 2), Road: 15 (New) / 28 (Old), Dhanmondi, Dhaka 1209",,
Impel Service & Solutions Limited (ISSL),9614004775,info@issl.com.bd,www.issl.com.bd,"Flat# B1. House# 71, Road# 07, Sector# 04, Uttara, Dhaka-1230",,
Impex Dhaka,1515840575,jahangir@impexdhaka.com,http://impexdhaka.com,"448, Purbo Podordiya, Satarkul, Badda, Dhaka-1212",,
Imprint Dhaka Limited,29886531,zaman@imprint.com, ,"House # 148, Road # 13/B, Block-E, Banani, Dhaka-1213.",,
Include Work,8801916-842929,shobuj25bd@gmail.com,https://includework.com/,"Road 7, House 2, Block-E, Kaderabad Housing, Mohammadpur Dhaka-1207",,
Infinity Technology International Limited,88027115298,info@infinitytechltd.com,www.infinitytechltd.com,"BCIC Bhahan (16th Floor), 30-31 Dilkusha C/A, Dhaka",,
InfoLink limited,8.80961E+12,info@infolinkbd.com,www.infolinkbd.com,"Plot 1,2, Road Hazi Gafur Avenue, Block H, Amulia Model Town, Demra, Dhaka 1360",,
Infosoft Valley Limited,02-48955264,infosoftvalley@gmail.com,http://www.indamait.com,"House: 02(4th Floor), Road:12, Sector:06,Uttara,Dhaka",,
InfoTitan Limited,1886647900,support@infotitanbd.com,www.infotitanbd.com,"Level-10, Alauddin Tower, House-17, Road-113/A, Gulshan-2, Dhaka-1212",,
InNeed Cloud BD Pvt. Ltd.,01779 824005,info@inneed.cloud,www.inneed.cloud,"Flat 11-JK,KA-90, Progoti Sharani, Kuril, Vatara, Dhaka, PO:1229 , Bangladesh",,
Innov Tech,1878776002,innovtechbpo@gmail.com,www. Innovtechbpo.com,"20, Sultana Razia Road, Auchpara, Nishatnagar, Tongi, Gazipur, Bangladesh",,
Innovation Hub,1884690678,ihub@gmail.com,www.IHUB.com,"4 No. Tollabag, 3rd floor, Mohammadiya super Market, Dhaka",,
Innovative Professionals,1712405152,rezwangaffar@gmail.com,http://innvprofs.com,"353/1,East Rampura DIT Road, Dhaka-1219",,
Inspired IT,1738240668,inspireditbd@gmail.com,https://inspireditbd.com/,"Kashem Plaza / Twin Restaurant (2nd Floor), Chartola Mor, College Road, Rangpur.",,
Intellexis Ltd,8.80961E+12,info@intellexis.com.bd,www.intellexis.com.bd,"House: 6, Level 8, Road: 16/A, Gulshan 1, Dhaka 1212, Bangladesh",,
Intellier Limited,1727244400,help@intellier.com,www.intellier.com,"29, Kawran Bazar(Level 5), Dhaka- 1215",,
Inument Solutions Limited,8.8013E+12,hello@inument.com,http://www.inument.com/,"House# 527 (3rd floor), Road# 10 (East), Baridhara DOHS, Dhaka 1206, Bangladesh",,
Invention IT Ltd,8.80192E+12,jamshedllb@gmail.com,http://www.inventionitltb.com,"3 Kader Arcade (5th Floor), Mirpur Road,ScienceLaboratory",,
INVICTA SOLUTIONS LTD.,8.8013E+12,accounts@invictasl.com,https://invictasl.com/,"Moar, 27 Shaptak Square, Level-7, Holding 02, Road 16 (Old: 27), Dhanmmondi, Dhaka",,
Jack IT Solution,1617811071,jack@jackcreativestudio.com,www.jackcreativestudio.com,"House 35, Road 7, Sector 3, Uttara, Dhaka-1230",,
Janata Wifi Ltd.,8.80173E+12,mainul@janatawifi.com,http://janatawifi.com/,"Registered: House-17-A, Road-126, Gulshan-01, Dhaka-1212 Corporate Office: 97/A, Road 25, Banani Block A",,
JOY COMPUTER LTD.,8.80173E+12,joycomputersbd@gmail.com,joycomputerbd.com,"House 1101, Road 6/b, Avenue 7, Mirpur DOHS, Dhaka-1216",,
Kaizen IT Ltd.,1934453979,info@kaizenitbd.com,N/A,"151/6 (2nd Floor) , Gazi Tower, Panthapath Signal, Dhaka-1205",,
Kazi Business Solutions,1738116740,kazibusinesssolutions@hotmail.com, ,"Jugajug Complex, 2nd Floor, East Shibgonj, Sylhet 3100",,
Kichai IT Services Ltd.,1711563490,hbipe@ymail.com,www.kichai.com,"House No.395 (4th Floor North), Road No. 29. Mohkhali New DOHS, Dhaka-1206",,
Kinnor Trade Limited,1873834578,kinnortradeltd@gmail.com,www.kinnor.com.bd,"House -09, Shawrapara, Kafrul, Dhaka- 1216",,
KS Network Limited,1733347590,info@ksnetworkbd.com,www.ksnetworkbd.com,"Address 11/7/G, Principal Park, Free School Street, Kathalbagan, Dhaka - 1205",,
LCBS Dhaka,9678505050,info@lcbsdhaka.com,www.lcbsdhaka.com,"House No. 120, Road no. 9/A, Sankar Bus Stand, Dhanmondi, Dhaka-1209",,
Legato Services Ltd.,1777789984,hafiz@lusakagroupbd.com,http://www.legatobd.com,"House #10,Road#12,Sector #10,Uttara, Dhaka -1230",,
LEVERnGEAR LIMITED.,9611699824,rakib.rana2223@leverngear.com,www.leverngear.com,"531/4 (3rd Floor), Lane-11, Baridhara DOHS, Dhaka-1206.",,
Light Speed Source,1749400027,arnovi97@hotmail.com,www.lspeedsource.com,"5th Floor, 34 Green Road, Dhanmondi, Dhaka",,
Link Vision Software Solution Ltd,1847347832,info@linkvisionsoft.com,www.linkvisionsoft.com,"44/3 Polash Nagar Mirpur 11, Dhaka.",,
London cars,,maslondoncars3@gmail.com,www.londoncarsonline.co.uk,"Resourceful Paltan city (6th Floor) , 51/A Purana Paltan, Dhaka-1000",,
LUCID BUSINESS SOLUTIONS,1732485840,info@lucidbizsolutions.com,www.lucidbizsolutions.com,"24/12-A, Khilji Road, Shyamoli, Mohammadpur, Dhaka- 1207",,
M/S Mitali International,1781797026,mahidevtc@gmail.com,www.mitaliint.com,"House- 37, Road- 13, Sector- 10, Uttara, Dhaka-1230",,
M/s. Fire & Safety Management,+880 1971307858,fsm.info20@gmail.com,www.fsmbd.com,"House-4, Lane-16, BIock- C, Section-10, Mirpur, Dhaka-1216, Bangladesh",,
Mainland Real Estate Ltd.,,mainland.realstate@gmail.com, ,"D13, House#50/A, Road#10 Sector#10 Uttara Dhaka 1230",,
Major Telecommunication,1755032772,majortelecommnication@gmail.com, ,"83, 4th floor, Dr. Khudrat -E- khuda Road Dhaka Bangladesh",,
MAPLE IT SOLUTIONS,02-41040071,ahmed@mustexbd.com,https://www.mapleitsolutions.net/,"House: 16, Road: 04, Nikunja: 01, Dhaka-1229",,
MARS Solutions Limited,"448 100 17, 448 100 18",info@mars.com.bd,www.mars.com.bd,"Vision 2021 Tower, Software Technology Park (STP), Level-08, 49 Karwan Bazar, Dhaka-1215.",,
Mavens Solutions,1776056436,mahshid@themavens.xyz,https://themavens.xyz/,"House#20, Road#02, Dhanmondi - 1209",,
MCL Hotline Bangladesh Limited,"9135954, 9130882-3",info@mclhotlinebd.com,www.mclhotlinebd.com,"MCL POINT', 20/C, Monipuripara, Sangsad Avenue Sher-e-Bangla Nagar, Dhaka-1215",,
MD INFOTECH,8.80191E+12,info@mdinfotechbd.com,http://mdinfotechbd.com,"Corporate Office : Bangabandhu Sheikh Mujib Hi-Tech Park, Rajshahi. Root Office : House #94/1, Nowdapara, Sopura, Ward-17, Shah Mukdum, Rajshahi.",,
Memento Professional Services Ltd,8.80179E+12,tausif@mementoprofessionalservices.com,mementoprofessionalservices.com,"Plot-6, Navana D.H. Tower (17th floor), Panthapath, Dhaka, Bangladesh",,
MetroNet Bangladesh Limited,8.80961E+12,almas@metro.net.bd,www.metro.net.bd,"PBL tower , 13th floor, gulshan North C/A, Dhaka-1212",,
MF Asia Ltd.,1706643280,info-bd@metafour.com,www.metafour.com,"Palm Jumeirah, 21 Sonargaon Janapath, Sector-07, Uttara, Dhaka-1230",,
MIGRANTS SOULS LIMITED,9642622622,riaz.khan.bd@gmail.com,www.migrantssouls.com,"House No- B-183 (FIRST FLOOR), Road- 21, New DOHS Mohakhali, Dhaka",,
Mitisol Limited,1737678699,baizid@mitisol.net,www.mitisol.net,Plot 8 Sonargaon Jonopath Sector-11 Uttara Dhaka 1230,,
Monstarlab Enterprise Solutions Limited,1751901665,es@monstar-lab.com,https://monstar-lab.com/,"Plot-4, Mohakhali C/A (5th floor), Dhaka-1212",,
MonsterClaw Limited,9642601577,info@monsterclaw.com,www.monsterclaw.com,"Amigo 14 Square, Flat#10B,59/C & 61/C, Asad Avenue, Mohammadpur Dhaka-1207.",,
MULTI ENGINEERING & CO. LTD.,02-9668000,zaman0013@hotmail.com,www.multiengineeringbd.com,"326/2,Elephant Road, New Market, Dhaka, Bangladesh.",,
MUNSHI HR SOLUTIONS LIMITED,9611686744,mhrs@munshicorp.com,www.munshihr.com,"413, Nayanagar, Coca Cola Road, Gulshan, vatara , Dhaka",,
My Outsourcing Limited,"9861138, 9862815",info@myolbd.com,www.myolbd.com,"Operation Addrss: House# 37, (Abanti) Flat# A4, Road# 27, Block-A, Banani, Dhaka-1213 Corporate: House# 31, Flat# B3, Road# 20, Block# K, Banani, Dhaka-1213.",,
MySoft Limited,88025501327,info@mysoftltd.com,www.mysoftltd.com,"Level-7, BDBL Bhaban, 12 Kawran Bazar, Dhaka",,
Nanosoft System,8.80171E+12,rokon24@gmail.com,www.nanosoftsystem.com,"95, Motijheel, C/A 6th Ln, Dhaka 1000",,
Nebulas IT Limited,29032597,info@nebulas-it.com,nebulas-it.com,"184 Senpara Parbata, Razia Plaza, 4th floor, Mirpur-10, Dhaka-1216",,
Net Bangla Limited,1970711632,info@netbanglaltd.com,www.netbanglaltd.com,"Level # 04, House # 19, Block # G, Main Road, Banasree, Rampura Dhaka -1219",,
NewWave Management Limited (DoDial),1713750153,info@btibd.org,www.dodial-bd.com,"BTI Celebration Point, Level-8, Plot: 3 & 5, Road: 113/A, Gulshan, Dhaka-1212.",,
NEX CALL CENTER,"01713-032838, 01911333886",shimu.65@gmail.com, ,"14 Kamal Ataturk Avenue, Banani C/A, Dhaka",,
Nexalinx,8.80179E+12,info@nexalinx.com,www.nexalinx.com,"Operational Address: Casabella House No -17, Road No- 128, Gulshan-1, Dhaka-1212 Permanent Address: Kha-116/1,(5th floor) South Badda, Badda, Dhaka 1212",,
Next Net Limited,,support@nextnetbd.com,www.nextnetbd.com,"House-71, Road-07, Sector-04, Uttara, Dhaka-1230",,
Next Online Limited,02 58815468,hhaq@nextonline.com.bd,www.nextonline.com.bd,"Plot 325, Lane 22, New DOHS, Mohakhali Dhaka, Bangladesh",,
Neyamot Enterprise,8.80968E+12,support@neyamotenterprise.com,www.neyamotenterprise.com,"Ka-124, Darjibarir Moor, Uttarpara, Khilkhet, Dhaka-1229.",,
Nice Power & IT Solutions Ltd,8.80255E+11,mdadmin@nicegroupbd.com,www.nicegroupbd.com,"Suite- 3A, #rd Floor,20/21 Garden Road, West kawran Bazar, Dhaka-1215",,
Nijol Creative,8.80171E+12,nijolcreative@gmail.com,www.nijolcreative.com,"Flat: 1B, House: 58, Road: 3, Block: B Niketon, Gulshan-1",,
NISAI BANGLADESH LIMITED,1319791339,hi-bangladesh@nisai.com,https://bd.nisaiglobalschool.com,"Blue Moon Tower, 167/24, Matikata, Joarsahara ( Zia Colony- Mirpur New Road) Thana- Dhaka Cantonment, Dhaka- 1206, 12th Floor, Unit -A",,
Noble IT Solution Ltd.,02 9821741,info@nobleitbd.com,www.nobleitbd.com,"M.R Center (5th Floor), House# 49, Road# 17, Block-E, Banani, Dhaka-1213",,
Notionhive Bangladesh Limited,1712922233,hello@notionhive.comm,https://notionhive.com,"Unit 3B, house 42A, road 7, Sector 3, Uttara , Dhaka",,
NR Business Solution LTD,1850975966,operations.nrbusiness@gmail.com,www.nrbusinessltd.com,"757/1, 1st floor Begum Rokeya Soroni, West Shwerapara, Mirpur, Dhaka-1216",,
NVISIO SOLUTIONS LIMITED,+88 01788431645,info@nvisio.net,www.nvisio.net,"26, Lift-4, Road-07, Block -C, Niketon Gulshan-1, Dhaka",,
O & A IT and International Call Center Ltd.,8.80313E+11,info@oaitcallcenter.com,www.oaitcallcenter.com,"105/214, Shulok Bohor, Abdullah Khan Lane, Panchlish, Chittagong",,
OASIS Net Link Ltd,8.80964E+12,info@oasisnetlink.com, ,"R.S.H TOWER,Plot-23(7th floor), Road-03, Block-A, Section-11, Mirpur, PS-Pallabi,Dhaka, Bangladesh",,
OBHAI SOLUTIONS LIMITED,8.80171E+12,sk.ahmed@obhai.com,htttp://www.obhai.com/,"67-68, Level -7, Kamal Atartuk Avenue, Banani C/A, Dhaka- 1213",,
ODIN Outsourcing,1757477717,info@odinbd.com,www.odinbd.net,"House-110/A (2nd floor), Road-2, Block-A, Niketon, Gulshan-1",,
Offshore Staffing Solutions,8.80161E+12,jamil@offshorestaffingsolutions.com,www.offshorestaffingsolutions.com,"Ativo Prestige, House- 1, Road - 1, Section - 11, Mirpur, Dhaka - 1216",,
Omnitech Solutions Ltd.,8.80191E+12,info@omnitechtion.com,www.omnitechtion.com,"SK Centre, Gp-Ja/4, Mohakhali",,
OmniTech Soutions Ltd.,1912951074,coo@omnitechtion.com, ,"SK Center , Gp-Ja/4, Mohakhali, Dhaka-1212",,
OnTech BPO Limited,1950074687,ontechbpo@gmail.com,http://onetechsolutions.co/,"House ?혀 08, 5th Floor , Sumon Plaza, Mirpur ?혀 10, Dhaka-1216",,
Orange Business Development Ltd.,02-8414548-49,info@orangebd.com,www.orangebd.com,"Lane-01, House-171 (3rd and 4th Floor), Baridhara DOHS, Dhaka-1206",,
Orbund Bangladesh,19136364497,arif@orbund.com,https://Orbund.com,"Orbund House, 202/C Road 6, Mohammadi Housing Limited Mohammadpur, Dhaka",,
Org-Quest Research Limited,(+880-2) 41061073-74,orquestbd@gmail.com,www.orgquest.com,"Fare Diya Complex, Level 9 CD, 11/8/E Free School Street, Kathalbagan, Kalabagan, Dhaka-1205",,
Pathao Limited,8.80168E+12,ishtiaque.ismail@pathao.com,https://pathao.com/bn/,"House No. CWN-A/3A, Level-7, Road-49, Gulshan-2",,
PEARS GLOBAL LIMITED,1711526355,info@pearsbd.com,www.pearsbd.com,"57&57, Gulshan Avenue, 8th Floor, Gulshan, Dhaka 1212",,
Pendulum Motion,+8801781 200300,info@pendulummotion.com,www.pendulummotion.com,"House-560 (3A), Road-8, Baitul Aman Housing Society, Adabor, Dhaka1207",,
Pima Associates Ltd.,1718371981,pimaltd1968@gmail.com,N/A,"Gulfesha Plaza, Floor-13, Room-N13, Mogbazar, Dhaka",,
Plexus Cloud Ltd,1958444850,office@plexus.com.bd, ,"House-34, Road: 01, Block A, Rampura, Dhaka",,
Plus Online Marketing Limited,8.8018E+12,sourav@plusonlinemarketing.com,www.plusonlinemarketing.com,"House: 112, Road: 6, Mohakhali DOHS, Dhaka",,
PowerMan Local,8.80185E+12,bijoy9357@gmail.com,http://powermanlocals.com/,"Kha-09, Malek Mansion, Bepari para, Khilkhet, dhaka-1229.",,
Prediction Learning Associates ltd.,1713334862,info@predictionla.com,www.predictionla.com,"House #365/9, Level #04, Lane #06, Baridhara DOHS, Dhaka-1206",,
PREM IT,1818965653,contact@prem-it.com,prem-it.com,"Plot A-30, BCSIC silpo nagari, Gaibandha",,
Pridesys IT Ltd.,02 44810030-1,info@pridesys.com,www.pridesys.com,"Corporate Office: Level 6, 20/21 Garden Road, Kawran Bazar, DHAKA ?혀 1215. R&D Center: Level-11, Vision 2021 Tower-1, Software Technology Park, 49 Kawran Bazar C/A, Dhaka-1215, Bangladesh.",,
PrimeIT,1819870058,mahbub1767@yahoo.com, ,"Prime IT, House # 8, Road # 13, Dhanmondi",,
Primesync Solutions Limited,1713229902,bd@primesyncsolutions.com,www.primesyncsolutions.com,"House No- 172, Road- 06, Block- C, Bashundhara R/A, Dhaka- 1229",,
Primo Tech Limited,1984300120,it@primotechltd.com,www.primotechltd.com,"House-31, Road: 02, Block: A, Banasree, Rampura, Dhaka- 1219",,
Pro Data Limited,1535820840,info@prodata.com.bd,http://prodata.com.bd/,"15th Floor, House# 87, Rashed Khan Menon Road, Eskaton, Dhaka-1217 Bangladesh.",,
Qligence Limited,9613242828,info@qligence.com,www.qligence.com,"Safura Green, 761 Satmasjid Road, Dhaka 1205",,
Quantanite Bangladesh Limited,8.80131E+12,shameemkhan@quantanite.com,https://quantanite.com/,"Plot# A/5, (9th Floor), Block# A, Section# 14, Mirpur, Dhaka-1206, Bangladesh",,
Radiant Data Systems Ltd,0255012160-1,info@radiantds.com,www.radiantds.com,"11th Floor, BDBL Building, 12 Kawran Bazar, Dhaka 1215",,
Radisson Digital Technologies Ltd.,02-8189301,info@radissonbd.com,www.radissonbd.com,"Shah Ali Tower (6th Floor), 33 kawran Bazar, Dhaka-1215",,
Rahman's Chambers,02 8815415,info@rahmansc.com,www.rahmansc.com,"RANGS SHAWPNIL, 2ND FLOOR (A), HOUSE-2, ROAD-2/3, BANANI, DHAKA",,
RAKA SERVICES (PVT.) LTD,N/A,rakaservicespvtltd@gmail.com,N/A,"599,Alo Vilaa (1st Floor), West Nakhal Para, Tejgaon, Dhaka-1215",,
RAM IT,1766358772,info@ramit.com.it,www.ramit.com.bd,"Star Mension, Shaheb Bazar, Rajshahi-6100",,
RD Services Limited,1844237178,najmul@pulseservicesbd.com,www.mypulse.com.bd,"Saba House, Plot-34,, Road-46,Gulshan 02, Dhaka",,
Recom Consulting Limited,1711505146,atiq@recombd.com,www.recombd.com,"House#18 (Flat B), Road # 1/A, Block-J, Baridhara, Dhaka-1212",,
Remedi Health Ltd.,1730745357,info@remedi.health, ,"15, Shahid Tajuddin Ahmed Scoronie, Moghbazar, Dhaka",,
Remote Office,1873065453,nahian@remoteoffice.io,www.remoteoffice.io,"House 1,2, Flat-701, Ariza Tower, Road-02, Monsurabad R/A, Mohammadpur, Adabor, Dhaka-1207",,
Response Limited,8.80222E+12,info@responsebd.com,www.responsebd.com,"House# 289 (Level 4) Road-19/B, New DOHS, Mohakhali, Dhaka-1206, Bangladesh.",,
REVE Systems Ltd.,1814655961,ajmat.iqbal@revesoft.com,revesoft.com,"REVE Centre Plot # 94, Purbachal Express Highway, Dumni, Khilkhet",,
REXTENT,8.80171E+12,masud@rextent.com,www.rextent.com,"Level 10, Sheikh Hasina Software Technology Park",,
RISDA INSTITUTE OF TECHNOLOGY LTD.,1782655898,risdaitltd@gmail.com,risdait.com,"House-18, Road-01, Block-B, Section-06, Mirpur, Dhaka-1216",,
Rise Up Labs,-2013,contact@riseuplabs.com,https://www.riseuplabs.com,"Riseup Labs, Floor-14, Tropical Alauddin Tower, Plot No-32/C, Road-2, Sector-3, Uttara, Dhaka-1230, Bangladesh.",,
RPSI Services Limited,01716094232 01608967110,"info@tech-teem.com, od@tech-teem.com", ,"Level-7, House-01, Road-20/A, Sector-03, Uttara, Dhaka-1230.",,
Saic Institute of Management & Technology,01715-016193,simt.dhaka@gmail.com,www.simt.edu.bd,"Saic Tower-M/3, Mirpur-14, Dhaka-1216",,
Saj Telecom,8913910,info@sajtel.com,www.sajtel.com,"HOUSE- 565, ROAD- 9, BLOCK G, BASHUNDHARA, DHAKA",,
Sales Manager Pvt. Limited,1986000600,info@salesmanager.com.bd,www.salesmanager.com.bd,"152/3B Panthapath. Dhaka - 1205, Bangladesh",,
Samaira Skill Development Institute (SSDI),-11870,info@ssdibd.com,www.ssdibd.com,"28/B, 29/A,B, Navana Obaied Eternia, VIP Road, Kakrail, Dhaka-1000",,
SANAZ Corporation,1911310168,info@sanazcorp.com,www.sanazcorp.com,"House-65, Road-12/A, Dhanmondi R/A, Dhaka-1209",,
Savvy Techmart Limited,1712579697,ronyroy1980@gmail.com,www.savvytechmart.com,"Flat- 3A & B, (2nd Floor) 65 Rasul View, Mymensingh Lane, Banglamotor, Dhaka- 1205.",,
SBT Japan Limited,,info@sbtjapan.com, ,"Ahmed Tower (5th Floor), 28/30 Kamal Ataturk Avenue, Dhaka-1230",,
Scoppa Technology Ltd,255012477,info.scoppa@gmail.com,www.scoppatec.com,"Janta Tower Software Technonogy park, Level 11, Kawranbazar, Dhaka, Bangladesh",,
Service Solutions Pvt. Ltd. (SSL),4.476E+20,info@sslbd.net,www.sslbd.net,"BNS Center, Plot# 87 Dhaka Mymensingh Road (6th Floor), Sector #7, Uttara, Dhaka-1230",,
ServicEngine Ltd.,9636221234,akram@sebpo.com,www.sebpo.com,"House 8, Abbas Garden, Mohakhali DOHS, Dhaka 1206",,
SERVIFY TECH LIMITED,8.80196E+12,servifytsbd@gmail.com,https://www.servifybd.com/,"Home Town Tower, Level - 16, 87 New Eskaton Road, Dhaka 1000",,
SERVIFY TECH SOLUTIONS BD,8.80196E+12,servifytechbd@gmail.com,http://www.servifybd.com/,"Home Town Tower, Level - 16, 87 New Eskaton Road, Dhaka 1000",,
ServiQore,8.80171E+12,info@serviqore.com,http://www.serviqore.com/,"Flat B7, H 19, R 8, Shekhertek, Mohammadpur, Dhaka - 1207",,
Shahid S A Memorial Polytechnic Institute,28981266,ssampi50518@gmail.com,www.sampi.edu.bd,"House 20, Road 13, Sector10, Dhaka 1230",,
SI 2 Limited,88029146388,info@si2solutions.com,www.si2solutions.com,"24/1 & 24/2 (1st Floor), Shyamoli Hall Building, Bir Uttam A. N. M Nuruzzaman Sarak, Mohammadpur, Dhaka 1207",,
SIMEC Systems Ltd.,0880-(2)-48962921,info@simecsystem.com,https://simecsystem.com,"55 Shah Mokdhum Avenue, Shonim Tower(5th Floor), Sector-12, Uttara, Dhaks-1230",,
Simple Solution,8.80171E+12,simplesolutionltd@hotmail.com, ,"48, Golden Tower (2nd Floor), Ambarkhana, Sylhet",,
SK IT Centre,1811111419,nspreservationsolutions@gmail.com,www.skitcentre.com,"House# 06, Road# 12, Sector#10, Uttara, Dhaka-1230",,
Skillers Zone,8.80179E+12,support@skillerszone.com,https://www.skillerszone.com/,"6/A, Nigar Plaza (Near Rajlaxmi Complex),Level: 06, House: 32-B, Road: 02, Sector: 03, Uttara, Dhaka-1230",,
Skylark Soft Limited,9678375375,bms@skylarksoft.com,www.skylarksoft.com,"House # 10, Avenue # 04 (Near Joshna Shorobor) , Mirpur DOHS, Dhaka-1216",,
SkyTech Solutions,8.80255E+11,office@skytechbpo.com,www.skytechbpo.com,"House 01, Road 10/A, Sector 9, Uttara, Dhaka 1230",,
Smart Technologies (BD) Ltd.,8622733-5,zahir@smartbd.net,www.smart-bd.net,"House# 14 (1st Floor), Road# 4, Dhanmondi, Dhaka",,
SN Technical Training Institute,N/A,dtenahar@gmail.com,N/A,"East Shampur , Sadarpur, Faridpur",,
SOFTCALL,1711409705,narayan@soft-call.com, ,"House-329, Road-22, Mohakhali DOHS, Dhaka-1206",,
Software Shop Limited (SSL Wireless),"+880 9612221000, +880 2 4831 6009",info@sslwireless.com,www.sslwireless.com,"93 B New Eskaton Road, Dhaka 1000",,
Solution9 Limited,1911119966,admin@solution9.com,solution9.com,"07 (4th Floor), Garib-E-Newaz Avenue, Sector-11, Uttara, Dhaka",,
SolutionBPO Ltd.,8.80171E+12,sahil80@gmail.com,http://www.solutionbpo.ltd/,"Vision 2021 Tower (Janata Tower), Software Technology Park, 49, Karwan Bazar, 1215",,
Solvicor Ltd.,1674396078,info@solvicorbd.com,www.solvicorbd.com,"House-90/3, Flat-3, Block -J, Middle Badda, Dhaka-1212",,
Sonali Information Technology Ltd,"01979998701, 01979998702",sitlbd5@gmail.com,www.sitlbd.com,"B-41, Block-E, Zakir Hossain Road, Mohammadpur, Dhaka-1207",,
Spearhead,88029887632,arif77bd@gmail.com, ,"3rd Floor, Bay Tower, 50 Mohakhali, Dhaka",,
SR Institute of Software Technology,1919414153,skhossainrazib@gmail.com, ,"4 no, Tollarbag, Mohammadia Super Market(2nd Floor),Dhanmondi-28",,
SST Tech Limited,248956868,info@ssttechbd.com,https://www.ssttechbd.com,"Corporate Office- 34, Sonargoan Janapath, Level-9, sector-11,Uttara, Dhaka-1230.",,
ST RELIANCE ASSOCIATES STRA,1717859464,saidul.stra@gmail.com,www.stra-global.com,"Suite: 701 (A1), 6th Floor, Century Center, Kha-225, Bir Uttam Rafiqul Islam Avenue (Old: Progati Sarani, Merrul Badda, Gulshan-1212, Dhaka",,
Star Computer Systems Limited,8828629206,info@stargroup-bd.com,www.stargroup-bd.com,"70, Bir Uttam Kh Shofiullah Sarak, Flat-8/A, Kalabagan",,
Star IT Ltd.,1797587245,md@staritltd.com,https://staritltd.com/,"BBTOA Building(4th floor), 9 South Kallyanpur, Mirpur road, Dhaka-1207.",,
Star Tech & Engineering Ltd,9678002003,admin@startechbd.com,www.startech.com.bd,"218/1, West Kafrul, Begum Rokeya Sarani, Dhaka",,
STS IT training Institute & Infosys,1712711002,stsitorg@gmail.com,www.stsit.org,"1/2, Musleh Uddin Bhuiyan Road, narshingdi Sadar, Narsigndi-1602",,
Studio Metrodesk,8.80175E+12,afsana@studiometrodesk.com,https://studiometrodesk.com/,"HEAD OFFICE: Suite #4A-B, 89/2 West Panthapath Tejgaon, Dhaka, Bangladesh. 1215",,
Suffix IT Limited,1755569701,info@suffixit.com,www.suffixit.com,"Cha-70, 70/A, Rupayan Millennium square , Progoti Sharoni,North Badda, Gulshan, Dhaka-1212",,
Super Tel,1678005505,info@supertel.com.bd,www.supertel.com.bd,"Super House# 25, sector# 13, Garib-e-Newaz Avenue, Uttara, Dhaka- 1230.",,
Synergy Business Solution,1759228822,mahfujrifat15@gmail.com, ,"Niketon, Gulshan, Road no 01, A1, Dhaka, 1212",,
SYNERGY SOLUTIONS,88029033044,operations.sscc@gmail.com,www.synergybpo.biz,"Commercial Plot# 28 (2nd & 3rd Floor), Main Road- 1, Senpara Parbata, Mirpur- 10, Dhaka, Dhaka, 1216",,
SYNESIS IT LTD.,+88 02 9115222,info@synesisitltd.com,www.synesisitltd.com,"ICT Incubator, Level-3, BDBL Bhaban, 12 Kawarn Bazar, Dhaka-1215",,
T3 Communication Limited,9612440787,knock@theturtlesturn.com,www.theturtlesturn.com,"House 180, Road 04, Mohammadia Housing Limited, Mohammadpur, Dhaka",,
Tactsoft Limited,8.80177E+12,info@tactsoftltd.com,http://www.tactsoftlearning.com,"3rd Floor, 2/2, Block:A, Lalmatia, Dhaka",,
Tangail Digital IT Firm,1777894663,tdif2020@gmail.com,https://tditfirm.com/,"Sayed Tawor, Collage Para, Road, Tangail Sadar, Tangail.",,
Taskeater Bangladesh Limited,+880 1310 589636,shameem.khan@quantanite.com,https://quantanite.com/,"Plot: A/5, Section-14, Mirpur, Dhaka-1206",,
TASKWISE (BD) INC.,1729208825,info@taskwisebd.com,http://taskwisebd.com/,"Plot No.08, Road No. 14, Sector-4, Uttara, dhaka-1230",,
Tech Point BPO,+88 01400 100010,support@techpointbpo.com,www.techpointbpo.com,Probal Tower (Level-5),,
Tech Valley Networks Limited,+880 961 099 7929,info@tvnlbd.com,www.tvnlbd.com,"Paragon House (9th Floor), 5, Mohakhali C/A, Dhaka-1212.",,
TechKnowGram Limited,1713453337,info@techknowgram.com,www.techknowgram.com,"5/9, Block B, Suite B 1, Lalmatia, Dhaka 1207, Bangladesh.",,
Techmart BPO Solutions,8.80169E+12,abkafybd@gmail.com,www.techmartbpo.com,"57/12 Shonargaon Plaza, East Rajabazar, West Panthapath (Exactly on Panthapath Signale), Level-4, Dhaka, Dhaka, 1215",,
TECHNOMMH,1973883211,info.technommh@gmail.com,www.technommh.com,"House: 236/5A, South Pirerbag, Mirpur, Dhaka-1216",,
Technsystem Solution BD Ltd,1671112027,info@technsystems.com,www.technsystems.com,"Rahman Mansion (Lift 5), 136/Ga pragati Saroni, Near Badda Hosen Market Prescription Point Building North, Dhaka 1212 Branch Office :- House 69/M, 1st floor Green Road, Panthapath, Dhaka 1220",,
TechSoldier BPO,'01300954242,techsoldierbpo2021@gmail.com,www.techsoldierbpobd.com,"168/1, Senpara Parvata, Begum Rokeya Sarani, Dhaka-1216",,
Tele Musketeers,1707082423,operations@telemusketeers.com,www.telemusketeers.com,"476/C, Zahir Mansion, Malibag DIT Road, Dhaka, 1219",,
Teleconsult Group,1683786330,info@tcg.com.bd,www.tcg.com.bd,"House# 1, Road# 15 (New), 28 (Old), Dhanmondi, Dhaka-1209",,
Telehawks Solutions,8.80192E+12,telehawks.solutions@gmail.com,www.telehawks.com,"202/C Hazi Solim Uddin Lane, Badda, Dhaka-1212",,
Teleserv,880 1791 680 236,hello@teleservbpo.com,http://www.teleservbpo.com/,"Suite-B4, Plot-15, Main Road-03, Block-A, Mirpur-11, Dhaka-1216, Bangladesh",,
Test Company,8.80131E+12,test@mail.com, ,Address of Test Company 33,,
Thane Systems,+8802 8838001-4,info@btraccl.com,www.btraccl.com,"Plot# 68 (3rd Floor), Road# 11, Block# H, Bir Uttam Khademul Bashar Road, Banani, Dhaka-1213",,
The Address of Accountants (AOA),88-02-55130556-57,mmc@bol-online.com, ,"Rupayan Karim Tower, Level-09, Suit-B, 80, VIP Road, Kakrail, Dhaka-1000",,
The Everest IT,1776057078,theeverestit@gmail.com,https://theeverestitbd.com/,"888/1, hazi ashraf ali market, East shewrapara, kafrul, dhaka",,
THE KOW COMPANY LIMITED,1755601370,ak@thekowcompany.com,www.thekowcompany.com,"Navana DH Tower (2nd Floor) Plot-6 Panthapath Tejgaon, Dhaka 1215",,
THE SOFTKING LIMITED,1716441700,rifat@thesoftking.com,www.thesoftking.com,"House: 60, Road: 20, Sector: 11, Uttara, Dhaka 1230",,
TICON SYSTEM LIMITED,1777174791,info@ticonsys.com,www.ticonsys.com,"LEVEL# 06, HOUSE OF VERITAS, 8 GAREEB-E-NEWAZ AVENUE, SECTOR# 13, UTTARA, DHAKA- 1230",,
Times ASL Call Center Limited,222223512-13,info@timesasl.com,www.timesasl.com,"City Heart 4th floor, 67 NayaPaltan, Dhaka",,
TRAVOJET,9.63944E+20,admin@travojet.com,www.travojet.com,"Section # 12, Block # D, Road # 06, Plot # I/15-18, Pallabi, Mirpur",,
Trust Global Communications,8.80171E+12,trustglobalcommunications@gmail.com,www.trustglobalcommunications.com,"Chattogram Software Technology Park, Level # 10, Agrabad, Chattogram",,
TRY Solutions,8.80171E+12,support@trysolutions.us,trysolutions.us,"House - 29, Suite: 6, Road - 13, Sector - 14, Uttara",,
UKBS BD LIMITED,1864589945,ukbs2017@gmail.com, ,"House-2, Road No- 35, Block- D, Shahajalal Upashahar, Sylhet",,
Unified Information Technology Limited,1711958087,info@unified.xyz,www.unifiedit.xyz,"PBL Tower ( 12th Floor), 17 Gulshan North C/A, Dhaka, 1212, Bangladesh",,
Unique Consortium Ltd.,+880258157939 01711871990,uniqueconsortiumbd@gmail.com,http://uniqueconsortium.com,"55/D, 2nd Floor, R-9/A, Dhanmondi, Dhaka-1209",,
United Multimedia Skill Development Technology Ltd.,1829077648,umsdtl2019@gmail.com,www.umsdtl.com,"House # 30,Block # A, Word # 53, Diabari, Turag, Dhaka -1230",,
Universal IT,1711167756,yunushossainbd@gmail.com,www.universalit.net,"K-45/B, Moddhopara, Khilkhet",,
UpperCase Delta Limited,88028715368,uppercasedeltaltd@gmail.com,www.uppercasedelta.com,"Plot No. 479, Road No. 32, New DOHS, Mohakhali, Dhaka",,
UQEEL.com.Limited,1727444888,info@uqeel.com,www.uqeel.com,"Floorr-1, House-4A, Road-84, Gulshan-2, Dhaka-1212",,
UY Systems Ltd.,8.80259E+11,info@uysys.com,www.uysys.com,"House 259 (1st Floor), Road 19, New DOHS, Mohakhali, Dhaka 1206",,
ViaTech Limited,,Info@viatech.com.bd,www.viatech.com.bd,"PBL Tower (12th floor), Gulshan-2, Dhaka",,
Virgo Contact Center Services Limited,1713002220,info@virgocc.com,www.virgocc.com,"Kusholi Bhaban ( 6th Floor), 238/1 Rokeya Begum Sarani, West Kafrul, Sher -e-Bangla Nagar, Dhaka-1205",,
Virtual Market Solution Ltd,8.80171E+12,info@vmsl.com.bd,www.vmsl.com.bd,"House-54/A, Road-132, Gulshan-1, Dhaka-1212.",,
Viser X Limited,8.80172E+12,mjfaisal3001@gmail.com,www.viserx.com,"House-06, Road-02, Sector-11, Uttara Model Town, Dhaka, PO: 1230",,
Visiwave,1946082851,Shamim@visiwave.xyz,www.visiwave.xyz,"Orchid place, 3rd floor, Thantonia, Bogra",,
Walton Digi-Tech Industries Limited,1678028456,digicom@waltonbd.com,www.waltonbd.com,"Plot-1088, Block-I, Road: Sabrina Sobhan 5th Avenue, vatara,Basundhara R/A, Dhaka-1229.",,
Wavemakers,01716-552497,jamiul@wavemakers.xyz,www.wavemakers.xyz,"House# Ka-98/5, Mohakhali Doskinpara, Mohakhali, Dhaka.",,
Western Communication,8.80174E+12,khairulkabir00@gmail.com,www.western-call-centre.business.site,"51 Mitali, Unit B 5th Floor, Raynagar, Rajbari, Sylhet 3100",,
Whiteshell Limited,880 9666769677 880 255049677,oc@whiteshell.com.bd,https://whiteshell.com.bd/,"Plot:10(1st Floor), Road:113/A, Gulshan-2,Dhaka-1212,Banglades.",,
WINCLOUD LIMITED,9678777220,RON@WINDCLOUDBD.COM, ,"House: 52, Road: 28, Flat: A4, Gulshan 1, Dhaka.",,
Wintel Limited,8833463-64,info@wintelbd.com,www.wintelbd.com,"Corp. Add: House# 25, Road# 47, Suite A4 (4th Floor), Gulshan-2. Reg,Add: House#23, Road#113/A, Gulshan-2",,
Wire,1670595531,wirebangladesh@gmail.com,https://wiredmm.com/,"Block G, Road 5, House 40 (Oriental Abanti), Dhaka",,
Worktrooper,1776185685,info@worktrooper.com,www.worktrooper.com,"59 B.K Road Netaiganj, Narayanganj, 1400",,
WPDeveloper,02-44806340,rupok@wpdeveloper.com,http://wpdeveloper.com,"Plot 592, Rd: 08, Avenue 05, Mirpur DOHS, Dhaka.",,
XpeedStudio,8.80175E+12,ataur@xpeedstudio.com,https://xpeedstudio.com,"Amigo 14 Square, House No: 59/C-61/C, 2nd Floor, Asad Avenue Mohammadpur",,
Xubisoft Limited,8.80241E+11,fahad@xubisoft.com,www.xubisoft.com,"House-45(Level-8), Road-07, Sector-04, Uttara, Dhaka-1230.",,
XZONE IT PARK PVT.LTD.,9612461101,jobs@xzoneit.com,www.xzoneit.com,"Ranks Business Centre, Type-B, 6th floor, KA-218/2, Progoti Saroni, Kuril, Dhaka-1229.",,
ZayneTech Limited,1612173440,zaynetechlimited@gmail.com,www.zaynetech.com,"Suite: E1, House: 54/19/B, Road: 8, Baitul Aman Housing Society, Adabor",,
Zenov BPO Limited,1714023737,hr@zenov-bpo.com,http://www.zenov-bpo.com,"92/1 Motijheel Commercial Area, Dhaka - 1000",,
Zeppelin Limited,1938861300,info@zeppelinbd.com,www.zeppelinbd.com,"9, Mohakhali C/A (7th Floor)",,
Zeuz IT Limited,1623060606,info@zeuzit.com, ,"8/2, unit -2A, Block - D, Lalmatia,Dhaka 1207",,
ZUNOKS CONSULTING,9678224224,zunoks.consulting@zunoks.com,www.zunoks.com,"Head Office Address: unit: C1, 3rd Floor, House: 35/8, Road: 63, Gulshan -2, Dhaka 1212",,
